,edad-actual,edad-morir,hijes-tenes,gestacion-aborto,gestacion-persona,genero-coincide,morir-cuerpo,morir-redes,miedo-propia,miedo-resto,muerte-experiencia,muerte-eutanasia,firstTime,hijes-gustaria,hijes-volveria
0,54,101,1,0,32,100,30,0,57,70,14,100,True,,71.0
1,33,80,0,8,33,100,20,0,57,72,100,100,True,13.0,
2,24,130,0,42,42,100,0,0,30,100,0,100,True,100.0,
3,26,130,0,42,42,100,0,100,100,57,0,100,True,99.0,
4,31,95,0,25,30,85,96,3,86,100,17,100,True,33.0,
5,22,75,0,42,23,89,78,67,64,100,69,100,True,41.0,
6,28,93,0,31,42,100,17,12,59,100,73,100,True,67.0,
7,24,80,0,12,0,100,0,0,7,100,50,100,True,100.0,
8,28,70,0,10,20,77,18,66,0,79,0,100,True,0.0,
9,31,97,0,18,42,100,0,5,0,23,2,100,True,93.0,
10,20,90,0,35,42,100,20,46,75,100,0,100,True,64.0,
11,23,85,0,23,42,63,0,0,0,100,0,100,True,21.0,
12,32,109,0,12,16,71,100,69,80,88,29,72,True,17.0,
13,24,100,0,10,20,100,35,72,19,87,29,100,True,100.0,
14,27,81,0,0,1,100,48,0,0,57,55,45,True,85.0,
15,24,90,0,20,30,81,0,0,15,94,51,100,True,0.0,
16,31,60,0,30,42,55,0,0,17,63,71,100,True,0.0,
17,25,105,0,16,29,100,1,0,83,92,100,100,True,100.0,
18,20,85,0,0,12,83,42,0,23,100,50,51,True,98.0,
19,26,86,0,17,0,64,43,0,17,75,100,82,True,7.0,
20,22,98,0,16,42,100,80,41,58,100,100,100,True,31.0,
21,23,28,0,42,42,18,0,75,30,68,0,100,True,0.0,
22,35,80,0,42,42,84,0,0,21,76,20,77,True,63.0,
23,27,90,0,15,18,100,0,0,71,100,32,100,True,84.0,
24,27,100,0,21,36,0,0,76,31,74,0,89,True,84.0,
25,23,86,0,0,0,100,0,0,0,0,100,46,True,49.0,
26,31,100,0,42,21,100,74,0,100,100,100,100,True,0.0,
27,63,80,0,42,42,100,0,0,0,62,100,98,True,0.0,
28,45,90,1,3,0,89,0,49,31,75,100,100,True,,100.0
29,24,130,0,8,24,100,0,0,12,20,1,100,True,53.0,
30,32,130,0,20,42,69,0,0,100,100,0,100,True,39.0,
31,36,81,0,16,20,86,100,18,100,83,8,100,True,28.0,
32,28,130,0,21,28,68,0,0,61,100,67,98,True,0.0,
33,26,86,0,30,42,81,0,0,75,100,72,100,True,0.0,
34,34,130,0,8,42,100,100,25,100,100,34,100,True,21.0,
35,33,100,0,12,42,100,0,0,50,100,17,100,True,100.0,
36,32,91,0,14,14,100,0,0,67,100,56,66,True,71.0,
37,38,75,1,0,0,100,0,0,26,100,100,100,True,,100.0
38,28,44,0,20,11,100,0,0,0,73,17,100,True,0.0,
39,29,101,0,36,42,84,25,0,60,100,0,63,True,57.0,
40,28,90,0,8,38,70,59,0,0,66,51,100,True,73.0,
41,46,91,0,14,28,99,4,66,19,91,54,100,True,0.0,
42,35,80,0,0,0,77,100,19,36,82,59,100,True,0.0,
43,47,80,1,12,42,100,59,0,22,80,24,100,True,,98.0
44,27,130,0,12,36,100,0,0,64,100,19,100,True,100.0,
45,35,80,0,14,42,91,22,0,75,92,2,100,True,51.0,
46,19,95,0,14,20,100,27,0,72,100,0,100,True,100.0,
47,23,80,0,12,42,100,100,2,26,100,19,100,True,30.0,
48,24,85,0,12,35,0,27,0,81,92,100,100,True,100.0,
49,42,76,0,14,36,84,72,37,35,79,35,100,True,36.0,
50,46,86,1,6,8,100,0,1,100,100,21,100,True,,100.0
51,44,84,1,0,0,100,100,0,51,100,0,100,True,,100.0
52,55,104,1,12,4,100,100,0,100,100,0,100,True,,100.0
53,25,100,0,20,40,100,100,0,100,100,51,100,True,74.0,
54,23,90,0,14,14,16,78,0,100,100,15,100,True,70.0,
55,22,86,0,16,35,85,95,74,71,100,53,100,True,67.0,
56,23,88,0,12,12,100,15,31,58,85,22,67,True,54.0,
57,27,91,0,20,25,100,59,60,50,100,34,77,True,57.0,
58,40,90,1,12,42,100,0,0,68,88,52,100,True,,100.0
59,24,102,0,42,42,100,100,0,76,88,100,100,True,46.0,
60,24,86,0,15,42,100,0,5,65,99,71,100,True,78.0,
61,29,130,0,20,20,100,0,0,100,66,50,81,True,60.0,
62,27,90,0,20,38,100,0,22,76,77,13,100,True,74.0,
63,45,100,1,11,24,100,63,67,42,97,87,100,True,,100.0
64,21,95,0,14,26,100,28,100,21,62,76,100,True,81.0,
65,41,75,0,25,26,100,0,64,37,100,65,100,True,12.0,
66,27,87,0,21,42,100,15,75,92,87,14,100,True,82.0,
67,24,80,0,25,42,90,76,0,29,86,5,100,True,16.0,
68,31,100,1,0,0,100,100,0,100,98,73,100,True,,100.0
69,42,75,0,14,42,100,100,0,12,13,0,100,True,0.0,
70,23,76,0,42,21,100,0,0,65,100,0,100,True,0.0,
71,47,65,0,16,42,100,0,0,0,100,7,100,True,0.0,
72,23,90,0,23,42,100,82,29,55,87,49,100,True,56.0,
73,35,81,0,30,28,100,85,18,11,86,72,100,True,36.0,
74,45,87,1,16,37,100,13,17,24,81,64,100,True,,100.0
75,30,80,0,32,42,100,32,0,0,100,0,100,True,28.0,
76,28,130,0,12,16,52,0,0,0,100,64,100,True,8.0,
77,40,90,0,20,41,84,0,12,73,82,0,100,True,57.0,
78,27,75,0,12,32,67,15,21,59,98,0,98,True,9.0,
79,33,85,0,8,12,90,39,14,93,100,70,100,True,52.0,
80,27,61,0,23,30,100,0,0,57,71,100,100,True,100.0,
81,27,90,0,42,42,100,62,30,18,100,0,100,True,64.0,
82,28,80,0,42,42,100,0,0,50,50,0,51,True,100.0,
83,41,80,1,8,1,100,0,0,71,100,54,100,True,,100.0
84,20,130,0,8,42,99,16,0,42,57,79,80,True,78.0,
85,40,70,0,25,29,100,33,37,66,82,75,100,True,0.0,
86,41,130,1,21,21,100,0,0,100,100,53,100,True,,100.0
87,23,90,0,12,30,75,100,0,100,100,7,86,True,31.0,
88,35,85,1,22,8,100,14,0,33,66,51,100,True,,26.0
89,21,130,0,42,42,50,0,0,19,85,0,100,True,24.0,
90,28,130,0,42,30,100,26,26,100,100,0,100,True,0.0,
91,27,85,0,8,20,100,26,21,77,100,67,68,True,94.0,
92,28,90,0,14,37,100,10,9,29,85,79,100,True,24.0,
93,39,82,1,12,16,96,30,55,36,92,61,100,True,,100.0
94,23,50,0,16,19,100,0,0,28,86,0,100,True,21.0,
95,21,60,0,42,12,100,2,0,88,85,1,100,True,17.0,
96,37,95,0,16,42,100,0,0,21,67,46,100,True,0.0,
97,29,10,0,42,42,49,0,0,100,100,0,100,True,0.0,
98,68,87,1,12,41,98,3,0,0,91,6,100,True,,0.0
99,27,83,0,16,26,83,49,49,19,75,0,98,True,6.0,
100,31,130,0,41,42,77,41,66,100,100,58,100,True,0.0,
101,26,90,0,14,33,100,0,1,68,100,69,100,True,55.0,
102,42,90,0,8,42,100,61,0,16,100,55,83,True,5.0,
103,21,95,0,16,40,93,96,54,86,100,26,100,True,54.0,
104,29,70,0,19,28,91,13,74,74,36,0,100,True,25.0,
105,20,101,0,20,42,71,79,79,75,100,55,100,True,0.0,
106,28,100,0,13,16,76,81,0,78,90,59,100,True,29.0,
107,41,130,1,2,0,100,27,0,47,45,100,100,True,,100.0
108,3,83,0,2,3,100,58,92,73,100,100,100,True,0.0,
109,17,60,0,14,42,100,0,0,26,100,75,100,True,72.0,
110,27,90,0,12,40,100,0,0,20,80,100,100,True,75.0,
111,58,80,1,11,15,100,0,0,71,89,1,100,True,,100.0
112,25,100,0,14,25,100,0,1,0,2,0,100,True,70.0,
113,31,90,0,13,36,83,55,0,7,57,65,100,True,66.0,
114,31,80,0,20,42,100,0,82,67,100,0,100,True,56.0,
115,24,78,0,42,0,89,0,0,73,100,66,100,True,82.0,
116,25,77,0,23,42,68,0,0,23,54,63,100,True,64.0,
117,21,80,0,14,42,100,78,79,82,100,89,100,True,77.0,
118,25,80,0,30,42,50,100,0,76,99,0,100,True,15.0,
119,39,77,0,14,42,100,0,75,22,63,41,100,True,49.0,
120,42,75,1,0,0,100,0,0,12,100,99,100,True,,91.0
121,16,90,0,20,30,41,53,33,100,57,0,100,True,0.0,
122,27,113,0,20,42,80,100,57,100,67,45,100,True,0.0,
123,29,124,0,23,25,47,0,0,71,100,29,100,True,55.0,
124,25,80,0,12,42,100,0,0,36,100,0,100,True,0.0,
125,22,85,0,14,0,92,21,100,0,70,50,100,True,100.0,
126,30,94,0,10,12,100,32,19,49,68,41,100,True,100.0,
127,55,81,1,14,24,100,0,0,20,100,83,100,True,,100.0
128,36,96,1,20,36,100,0,74,16,100,17,100,True,,92.0
129,30,100,0,20,32,90,18,16,74,19,14,100,True,34.0,
130,19,120,0,22,42,100,100,1,100,100,99,95,True,82.0,
131,22,99,0,14,20,56,100,0,81,42,2,100,True,58.0,
132,35,96,0,20,42,100,0,0,80,19,0,100,True,73.0,
133,45,130,0,24,30,100,0,0,62,100,75,75,True,9.0,
134,24,92,0,15,42,100,0,0,0,100,51,100,True,0.0,
135,40,80,0,20,42,100,0,0,49,100,50,100,True,49.0,
136,37,100,1,41,42,100,27,0,100,100,53,100,True,,100.0
137,42,100,1,24,36,95,0,22,34,92,65,100,True,,89.0
138,38,61,0,12,30,100,0,0,0,0,0,100,True,51.0,
139,27,87,0,10,21,86,77,1,68,86,25,100,True,67.0,
140,36,92,0,15,38,100,0,0,37,80,0,100,True,56.0,
141,30,89,0,12,42,100,77,60,58,91,0,100,True,30.0,
142,37,95,0,42,42,100,100,78,100,24,74,100,True,73.0,
143,36,75,0,20,42,100,0,0,23,74,49,100,True,20.0,
144,21,75,0,10,12,100,0,80,0,100,100,100,True,100.0,
145,22,50,0,15,42,85,0,0,0,100,16,74,True,12.0,
146,25,101,0,15,35,100,91,63,97,75,2,100,True,20.0,
147,29,86,0,16,38,100,0,0,0,100,0,100,True,26.0,
148,42,130,0,12,30,70,0,0,49,74,0,100,True,0.0,
149,21,80,0,12,10,100,38,0,71,88,0,83,True,100.0,
150,29,75,0,16,42,100,0,0,85,86,0,100,True,83.0,
151,26,99,0,16,0,76,100,0,53,84,74,100,True,67.0,
152,35,80,0,10,14,100,16,0,62,97,64,90,True,100.0,
153,61,94,1,14,15,95,98,18,83,100,98,100,True,,95.0
154,28,90,0,16,42,100,100,0,86,78,81,100,True,8.0,
155,23,100,0,9,42,70,22,65,52,100,20,100,True,65.0,
156,26,80,0,14,30,98,7,0,21,90,52,100,True,0.0,
157,30,80,0,12,36,93,0,0,17,86,36,100,True,20.0,
158,29,37,0,30,42,77,0,0,24,25,46,100,True,0.0,
159,30,93,1,4,1,87,0,0,0,0,100,100,True,,100.0
160,49,80,1,10,41,100,0,21,75,9,73,100,True,,21.0
161,42,80,0,42,36,75,64,0,60,99,15,99,True,0.0,
162,37,101,1,18,36,100,49,0,76,78,0,100,True,,91.0
163,34,82,0,16,42,62,100,19,89,91,66,100,True,60.0,
164,29,130,0,12,24,100,46,0,22,85,18,100,True,100.0,
165,32,90,0,25,19,89,0,14,17,64,9,100,True,0.0,
166,31,90,1,16,24,100,60,0,82,91,18,100,True,,75.0
167,31,78,0,40,41,100,0,0,47,49,0,98,True,0.0,
168,32,130,0,20,21,100,0,0,14,3,0,100,True,100.0,
169,24,80,0,42,42,78,24,0,67,98,0,100,True,20.0,
170,25,80,0,14,21,70,0,0,50,80,56,100,True,0.0,
171,27,80,0,36,42,100,47,0,51,52,60,100,True,0.0,
172,28,85,0,8,42,100,50,51,75,100,64,100,True,100.0,
173,33,85,0,12,12,100,12,10,1,98,100,100,True,100.0,
174,29,95,0,20,20,90,62,61,89,88,0,82,True,100.0,
175,36,76,0,12,42,100,0,0,47,82,0,100,True,65.0,
176,32,110,0,17,42,100,54,52,100,100,36,100,True,63.0,
177,31,95,0,10,25,65,73,29,20,20,78,100,True,33.0,
178,36,90,0,21,40,100,0,0,30,74,0,100,True,11.0,
179,39,96,1,16,42,100,0,2,39,78,0,100,True,,64.0
180,33,100,0,12,20,100,69,75,100,100,76,100,True,70.0,
181,21,93,0,12,20,83,78,12,57,100,100,100,True,40.0,
182,22,87,0,10,30,68,100,40,62,42,67,100,True,47.0,
183,37,80,1,12,42,89,31,69,47,100,100,100,True,,100.0
184,36,130,0,14,42,100,0,0,100,100,12,100,True,25.0,
185,26,33,0,12,12,100,65,23,68,100,74,100,True,71.0,
186,35,100,0,22,42,80,0,0,100,100,100,100,True,100.0,
187,37,76,0,12,16,100,100,0,61,100,2,100,True,66.0,
188,29,79,0,9,22,97,15,0,66,100,15,100,True,42.0,
189,29,96,0,12,20,65,32,69,100,100,0,100,True,32.0,
190,51,77,1,23,41,98,0,74,28,67,3,100,True,,100.0
191,24,76,0,42,42,100,0,0,62,100,29,100,True,8.0,
192,25,100,0,42,42,100,100,100,57,69,0,26,True,98.0,
193,36,70,0,20,42,78,100,0,10,9,70,100,True,0.0,
194,30,93,0,26,42,100,0,7,0,71,0,100,True,43.0,
195,41,91,1,17,23,100,0,0,47,79,0,100,True,,96.0
196,24,81,0,7,20,90,63,0,0,87,58,100,True,8.0,
197,24,90,0,13,32,100,0,0,19,69,12,100,True,26.0,
198,29,130,0,12,20,23,0,0,69,69,12,100,True,22.0,
199,34,80,0,24,42,69,0,2,56,91,0,99,True,65.0,
200,23,94,0,12,42,100,75,0,77,96,54,98,True,71.0,
201,18,97,0,16,18,100,100,100,20,100,87,100,True,47.0,
202,34,70,0,4,0,89,0,0,27,100,49,100,True,9.0,
203,50,84,1,18,36,100,0,0,64,100,0,100,True,,78.0
204,36,85,1,12,42,100,0,0,63,90,0,100,True,,99.0
205,35,130,1,0,0,100,62,62,99,91,23,100,True,,75.0
206,32,88,0,8,15,100,3,50,78,100,51,70,True,67.0,
207,18,100,0,22,42,79,60,0,56,81,0,76,True,61.0,
208,24,90,0,20,0,100,0,73,30,79,68,100,True,100.0,
209,58,90,1,16,42,100,100,47,0,53,0,100,True,,100.0
210,57,81,1,5,2,93,0,0,44,100,82,76,True,,100.0
211,20,70,0,14,35,100,13,0,0,28,12,100,True,19.0,
212,21,88,0,10,30,86,100,0,0,0,100,100,True,100.0,
213,51,96,1,22,42,100,0,0,59,57,75,100,True,,100.0
214,25,88,0,30,40,90,70,70,81,100,100,100,True,30.0,
215,29,80,0,10,0,68,0,0,24,77,0,75,True,41.0,
216,25,82,0,10,25,63,68,66,18,84,62,91,True,11.0,
217,45,86,1,21,42,100,0,0,100,100,0,100,True,,100.0
218,28,90,0,3,1,100,14,0,0,58,100,100,True,61.0,
219,21,78,0,6,22,54,100,0,0,23,72,100,True,0.0,
220,30,95,0,30,4,81,100,100,62,100,68,100,True,50.0,
221,35,120,0,21,42,82,100,29,88,88,48,88,True,23.0,
222,32,92,0,12,0,95,0,0,35,88,60,100,True,72.0,
223,37,100,1,16,16,100,0,0,65,37,1,100,True,,100.0
224,25,85,0,14,37,100,0,0,0,100,0,100,True,22.0,
225,37,91,0,41,42,92,0,0,85,86,0,100,True,44.0,
226,41,66,0,12,24,66,4,4,49,100,0,100,True,0.0,
227,26,90,0,0,0,100,0,0,0,53,100,0,True,100.0,
228,29,90,0,20,38,100,77,11,30,88,58,100,True,0.0,
229,31,85,0,18,42,100,0,0,14,14,97,100,True,84.0,
230,28,87,0,10,15,100,100,100,100,82,83,100,True,71.0,
231,41,90,1,15,42,100,0,0,0,100,0,100,True,,100.0
232,21,130,0,20,20,100,66,91,63,83,34,100,True,26.0,
233,26,130,0,16,25,100,100,100,100,100,25,100,True,66.0,
234,23,90,0,42,42,100,0,0,73,77,0,100,True,84.0,
235,36,75,0,16,42,100,0,26,23,73,0,100,True,0.0,
236,36,85,1,16,42,67,0,0,100,100,0,100,True,,0.0
237,28,75,0,13,28,100,100,0,35,100,20,100,True,46.0,
238,42,44,1,16,42,100,1,3,2,61,0,100,True,,0.0
239,35,80,0,12,42,100,0,0,79,100,0,100,True,22.0,
240,32,76,1,4,42,100,0,0,28,100,100,100,True,,100.0
241,20,95,0,30,42,76,81,0,78,78,86,100,True,60.0,
242,22,74,0,7,28,68,0,0,0,76,100,100,True,0.0,
243,28,80,0,12,42,100,100,15,21,64,0,100,True,67.0,
244,26,90,0,12,42,100,6,1,22,40,1,86,True,20.0,
245,27,75,0,24,24,90,0,0,0,0,0,100,True,14.0,
246,26,86,0,14,42,100,100,0,69,84,62,100,True,100.0,
247,19,83,0,42,42,80,100,83,31,61,97,87,True,65.0,
248,35,86,0,26,38,54,26,32,100,100,16,100,True,19.0,
249,26,70,0,14,42,82,0,0,100,100,20,100,True,0.0,
250,27,79,0,13,42,100,0,0,10,93,0,100,True,26.0,
251,58,80,1,0,1,100,74,0,0,100,100,100,True,,100.0
252,34,70,1,10,42,100,0,75,0,100,0,100,True,,19.0
253,21,70,0,12,42,100,25,28,0,100,100,100,True,6.0,
254,24,93,0,14,14,100,68,0,96,11,32,100,True,100.0,
255,27,85,0,8,42,100,0,61,52,86,79,100,True,0.0,
256,29,130,0,42,42,86,100,21,83,93,31,100,True,9.0,
257,41,66,1,10,42,100,18,60,30,82,73,100,True,,29.0
258,31,130,0,12,42,77,59,75,100,100,40,100,True,29.0,
259,24,85,0,8,42,100,0,0,100,100,0,100,True,49.0,
260,21,77,0,12,20,100,61,84,0,98,100,73,True,37.0,
261,56,75,1,0,20,100,24,77,51,83,79,64,True,,100.0
262,43,80,1,30,42,87,23,0,75,100,0,100,True,,97.0
263,27,100,0,15,25,100,0,0,79,97,69,100,True,70.0,
264,25,90,0,14,35,100,68,68,21,85,13,99,True,63.0,
265,28,85,0,12,0,100,100,0,13,100,72,100,True,70.0,
266,30,86,0,4,14,81,0,0,22,65,100,100,True,61.0,
267,27,130,0,42,42,100,0,51,28,71,0,100,True,79.0,
268,27,75,0,8,36,95,0,0,12,0,13,100,True,7.0,
269,33,85,0,8,16,100,26,26,65,49,5,94,True,85.0,
270,37,80,1,12,15,100,0,10,82,85,3,100,True,,25.0
271,42,80,0,0,0,100,7,0,20,47,100,10,True,0.0,
272,24,90,0,12,16,100,0,0,71,100,68,100,True,100.0,
273,24,66,0,20,42,17,0,0,17,67,17,100,True,0.0,
274,35,70,0,25,8,50,0,18,0,0,100,100,True,15.0,
275,30,86,0,15,28,100,60,49,70,100,100,100,True,54.0,
276,15,81,0,42,42,100,0,0,75,100,0,100,True,37.0,
277,44,60,0,12,42,100,11,5,9,52,11,100,True,0.0,
278,32,100,1,12,24,76,0,19,69,100,56,100,True,,38.0
279,30,61,0,9,42,50,0,0,0,0,49,100,True,10.0,
280,37,130,1,12,42,100,0,0,81,100,50,100,True,,100.0
281,33,70,0,0,0,100,0,0,0,49,100,100,True,100.0,
282,25,95,0,32,42,100,0,0,29,66,2,100,True,63.0,
283,26,90,0,21,21,35,16,100,55,100,100,100,True,3.0,
284,35,86,0,36,34,100,79,21,51,52,21,100,True,65.0,
285,20,90,0,41,42,76,0,82,67,100,16,100,True,13.0,
286,26,70,0,30,42,100,0,0,21,75,0,100,True,4.0,
287,28,75,0,12,0,100,69,0,50,68,0,100,True,0.0,
288,53,90,1,11,42,100,100,12,100,100,0,100,True,,45.0
289,30,91,0,15,15,79,69,39,78,78,14,100,True,70.0,
290,34,120,0,12,12,100,100,15,35,69,49,100,True,70.0,
291,23,80,0,14,42,100,0,63,63,100,100,100,True,0.0,
292,43,90,0,14,14,100,32,0,68,75,30,100,True,30.0,
293,25,25,0,16,20,71,0,57,0,100,17,100,True,0.0,
294,25,80,0,12,42,100,100,100,100,100,43,100,True,0.0,
295,31,84,0,12,0,100,71,23,73,86,31,100,True,0.0,
296,24,95,0,14,18,67,66,64,100,100,76,73,True,57.0,
297,32,90,0,24,42,100,8,0,93,100,6,89,True,20.0,
298,50,85,1,0,26,100,0,0,55,67,15,100,True,,88.0
299,35,80,0,20,42,77,0,0,31,74,0,100,True,24.0,
300,22,93,0,20,6,90,0,0,12,100,100,100,True,34.0,
301,21,90,0,12,30,100,100,100,61,63,48,100,True,75.0,
302,39,130,0,14,0,100,0,0,49,68,0,100,True,23.0,
303,21,53,0,42,42,99,58,18,18,80,0,100,True,22.0,
304,39,80,0,42,42,100,0,0,28,100,0,99,True,68.0,
305,31,75,0,12,12,100,0,71,29,100,13,100,True,100.0,
306,51,91,1,14,38,100,100,0,100,100,82,97,True,,100.0
307,27,75,0,24,42,100,0,0,26,68,0,100,True,32.0,
308,28,81,0,10,0,100,100,0,0,27,100,100,True,0.0,
309,45,101,1,12,20,100,4,7,6,91,90,98,True,,100.0
310,25,101,0,20,42,100,0,1,76,75,0,100,True,20.0,
311,32,90,0,16,42,100,73,25,51,100,64,100,True,23.0,
312,30,130,0,26,42,100,69,22,78,100,12,100,True,31.0,
313,37,92,0,3,42,100,0,0,31,81,31,100,True,100.0,
314,21,90,0,12,36,100,0,50,71,92,0,100,True,100.0,
315,20,85,0,42,42,100,0,10,0,55,0,100,True,70.0,
316,30,90,0,16,21,100,0,1,26,99,39,76,True,27.0,
317,29,76,0,4,42,84,100,0,24,100,9,100,True,47.0,
318,30,70,0,16,20,83,12,62,24,99,20,100,True,0.0,
319,36,90,1,12,41,100,34,67,100,100,18,100,True,,100.0
320,30,103,1,10,9,79,56,0,60,89,79,98,True,,99.0
321,22,85,0,15,30,61,59,76,28,100,100,100,True,58.0,
322,18,93,0,15,42,100,22,100,41,78,34,83,True,73.0,
323,38,90,1,14,42,100,99,0,70,100,0,100,True,,40.0
324,23,124,0,22,22,100,43,0,70,78,7,93,True,23.0,
325,44,108,1,5,6,100,12,0,74,89,29,82,True,,100.0
326,24,86,0,0,42,100,6,0,64,85,100,48,True,100.0,
327,22,110,0,22,12,89,100,0,73,82,8,90,True,100.0,
328,24,100,0,14,42,100,77,14,8,100,100,100,True,7.0,
329,34,78,0,14,31,79,100,0,0,72,76,100,True,0.0,
330,31,130,0,24,25,100,50,5,100,100,84,100,True,100.0,
331,32,130,0,32,42,100,0,0,77,100,23,98,True,78.0,
332,24,92,0,11,12,81,27,31,59,86,100,67,True,100.0,
333,57,80,0,0,0,100,0,1,0,0,0,100,True,0.0,
334,33,95,0,12,42,92,85,53,16,40,75,100,True,4.0,
335,34,85,0,12,13,34,0,0,62,68,60,82,True,35.0,
336,33,90,0,24,42,100,0,78,16,77,0,100,True,84.0,
337,33,130,0,28,42,90,0,0,100,30,0,100,True,35.0,
338,28,130,0,20,0,100,100,0,100,100,100,100,True,47.0,
339,30,96,0,11,30,100,25,50,100,100,16,100,True,21.0,
340,43,85,0,15,32,100,0,0,58,69,50,100,True,60.0,
341,52,90,1,14,24,12,0,50,50,0,0,100,True,,100.0
342,40,93,1,0,0,100,55,0,36,68,100,100,True,,100.0
343,21,100,0,8,20,100,69,0,72,100,32,77,True,100.0,
344,21,102,0,31,0,68,74,20,29,81,0,94,True,35.0,
345,22,130,0,30,0,100,19,0,24,100,0,100,True,0.0,
346,25,80,0,14,35,100,100,100,0,46,100,100,True,100.0,
347,19,90,0,12,42,100,0,0,25,100,8,100,True,55.0,
348,29,65,0,10,37,49,18,0,14,43,60,100,True,24.0,
349,30,90,0,0,0,100,31,0,51,90,100,29,True,100.0,
350,27,87,0,42,42,100,0,0,100,100,7,98,True,77.0,
351,28,82,0,15,25,84,12,0,52,78,33,100,True,72.0,
352,23,86,0,16,42,91,21,0,58,100,16,100,True,0.0,
353,43,92,1,6,42,78,0,0,0,8,21,100,True,,61.0
354,29,90,0,20,40,100,0,0,24,100,0,100,True,77.0,
355,21,26,0,14,32,82,4,26,19,65,7,100,True,18.0,
356,28,40,0,30,42,100,76,87,25,83,23,100,True,50.0,
357,22,75,0,28,42,85,0,0,33,79,72,100,True,62.0,
358,19,75,0,12,39,100,82,69,80,99,16,100,True,58.0,
359,29,67,0,42,42,100,0,0,23,23,25,100,True,0.0,
360,32,90,0,6,42,61,0,1,44,100,100,100,True,79.0,
361,19,80,0,12,16,61,80,20,28,100,20,100,True,49.0,
362,23,90,0,14,42,95,100,100,100,100,4,100,True,7.0,
363,27,90,0,26,9,84,69,100,100,100,35,49,True,17.0,
364,24,95,0,12,32,100,79,50,100,100,70,100,True,50.0,
365,35,91,0,12,42,78,75,0,100,100,9,100,True,15.0,
366,26,60,0,27,42,100,0,0,0,0,67,100,True,83.0,
367,29,130,1,16,28,100,0,0,0,32,0,100,True,,66.0
368,29,81,0,12,0,100,100,0,0,100,50,100,True,52.0,
369,26,57,0,24,30,100,0,0,12,70,13,100,True,0.0,
370,23,95,0,12,8,100,83,8,39,86,93,100,True,76.0,
371,30,100,0,42,42,100,1,0,0,70,0,100,True,54.0,
372,23,24,0,13,42,100,79,0,0,60,34,100,True,0.0,
373,21,111,0,12,20,100,100,66,9,71,67,100,True,85.0,
374,59,90,1,8,8,100,45,0,100,97,16,100,True,,100.0
375,34,90,1,28,28,86,0,0,18,81,74,100,True,,100.0
376,24,75,0,10,24,55,38,11,0,18,0,100,True,0.0,
377,31,80,0,15,42,100,0,1,36,100,50,100,True,18.0,
378,32,75,0,12,28,100,0,0,19,65,0,100,True,48.0,
379,34,127,0,33,10,68,0,0,82,3,76,100,True,17.0,
380,26,100,0,20,42,100,100,0,75,93,0,100,True,0.0,
381,42,91,1,12,12,100,0,0,100,100,0,100,True,,100.0
382,41,92,1,15,42,75,0,10,90,70,0,100,True,,100.0
383,26,130,0,12,42,74,23,0,73,76,0,100,True,60.0,
384,29,93,0,16,42,100,0,0,0,22,51,100,True,68.0,
385,30,70,0,42,29,50,0,0,25,56,42,100,True,85.0,
386,24,114,0,32,0,100,0,73,23,24,50,100,True,100.0,
387,36,85,1,11,10,100,0,0,0,0,0,100,True,,0.0
388,31,85,0,35,42,100,21,0,77,100,58,100,True,89.0,
389,35,99,1,4,6,100,0,0,0,100,0,100,True,,49.0
390,22,75,0,42,42,100,0,1,15,100,100,100,True,100.0,
391,26,100,0,12,30,100,25,0,16,77,0,97,True,65.0,
392,25,100,0,42,42,83,0,0,100,100,0,100,True,30.0,
393,26,85,0,42,0,100,84,0,76,74,48,100,True,86.0,
394,44,71,0,42,42,100,0,0,64,100,65,100,True,0.0,
395,21,90,0,21,30,100,10,12,52,89,12,100,True,80.0,
396,42,80,1,22,24,100,0,0,0,100,0,100,True,,100.0
397,36,55,0,42,42,100,0,0,0,79,0,100,True,31.0,
398,26,80,0,11,19,79,87,58,66,82,23,100,True,53.0,
399,40,91,1,20,42,100,0,0,52,100,27,100,True,,100.0
400,24,100,0,16,42,100,0,0,60,100,0,69,True,100.0,
401,26,84,0,14,42,100,65,37,100,100,100,100,True,100.0,
402,27,80,0,42,42,100,0,0,72,100,79,100,True,100.0,
403,22,85,0,30,42,100,74,0,0,100,0,98,True,58.0,
404,20,85,0,34,42,81,76,0,100,100,29,100,True,29.0,
405,40,75,0,30,42,100,0,0,63,73,0,100,True,56.0,
406,26,130,0,42,42,100,19,0,22,49,0,100,True,16.0,
407,32,31,0,10,17,52,0,0,28,65,0,100,True,16.0,
408,41,84,1,14,28,100,1,0,54,97,0,100,True,,100.0
409,37,85,0,35,35,98,3,59,67,100,5,100,True,0.0,
410,20,85,0,14,42,72,64,58,64,78,40,100,True,62.0,
411,28,130,0,42,42,63,29,69,31,87,0,100,True,36.0,
412,28,95,0,42,26,26,72,24,68,78,14,100,True,72.0,
413,28,85,0,4,30,66,15,0,100,100,100,100,True,35.0,
414,35,90,0,14,38,100,62,62,74,90,35,100,True,100.0,
415,23,75,0,12,12,100,76,100,0,15,100,100,True,0.0,
416,26,40,0,42,42,17,0,0,77,100,0,100,True,0.0,
417,25,84,0,29,28,100,0,100,100,81,13,100,True,100.0,
418,27,90,0,12,13,100,18,53,64,100,0,100,True,69.0,
419,22,85,0,14,23,69,0,73,30,80,47,100,True,70.0,
420,32,96,0,14,42,100,60,0,62,61,0,100,True,42.0,
421,34,80,0,20,42,77,0,0,23,40,0,100,True,100.0,
422,31,86,0,23,12,100,0,0,100,100,24,100,True,100.0,
423,30,110,0,24,42,77,70,50,100,100,17,100,True,53.0,
424,31,100,1,12,0,85,0,0,16,100,100,70,True,,0.0
425,32,81,0,12,16,84,0,0,13,100,27,100,True,0.0,
426,24,90,0,24,17,57,64,33,71,66,32,67,True,27.0,
427,24,70,0,14,15,100,36,5,73,96,41,100,True,30.0,
428,24,78,0,25,42,100,30,74,61,100,36,69,True,64.0,
429,31,100,0,14,42,100,63,63,50,66,50,79,True,49.0,
430,20,85,0,25,42,100,0,26,36,100,0,100,True,84.0,
431,26,100,0,26,40,98,82,1,99,99,48,100,True,74.0,
432,23,70,0,20,42,100,0,0,0,100,0,100,True,27.0,
433,52,93,1,8,0,100,5,0,100,100,1,100,True,,100.0
434,20,65,0,30,42,83,37,0,0,62,50,100,True,0.0,
435,31,85,0,14,42,100,0,70,0,100,0,100,True,100.0,
436,52,82,0,12,42,74,0,0,52,80,18,100,True,0.0,
437,23,102,0,16,36,86,0,26,39,77,9,100,True,100.0,
438,49,94,1,0,0,100,0,17,38,74,96,36,True,,100.0
439,25,82,0,42,0,100,100,0,0,48,100,100,True,75.0,
440,31,130,0,20,36,92,14,0,76,22,7,92,True,53.0,
441,32,113,0,42,22,50,78,0,100,65,100,100,True,70.0,
442,24,90,0,14,22,100,0,70,20,75,13,99,True,1.0,
443,21,36,0,15,34,100,71,0,16,70,84,100,True,18.0,
444,34,80,0,0,0,100,100,19,0,100,100,100,True,0.0,
445,27,93,0,8,42,83,61,37,65,100,88,100,True,60.0,
446,22,75,0,14,30,100,25,13,0,81,0,97,True,21.0,
447,45,80,0,37,42,100,0,0,100,100,0,100,True,100.0,
448,29,95,0,21,42,100,0,0,74,100,45,100,True,57.0,
449,33,92,0,21,42,100,57,76,56,100,62,100,True,43.0,
450,100,0,1,0,0,100,0,0,0,0,0,0,True,,100.0
451,27,80,0,25,42,78,0,2,78,100,0,99,True,79.0,
452,32,80,0,21,21,100,13,19,28,61,41,100,True,100.0,
453,31,60,0,24,42,82,0,0,0,67,0,100,True,0.0,
454,40,130,1,20,42,100,0,0,100,100,0,100,True,,100.0
455,37,90,1,24,42,100,0,0,76,100,100,100,True,,100.0
456,42,81,0,42,42,100,0,84,64,100,46,100,True,37.0,
457,26,65,0,16,24,75,100,16,51,100,100,100,True,0.0,
458,25,96,0,8,42,49,0,0,59,100,0,100,True,15.0,
459,22,120,0,12,12,33,78,31,100,100,0,100,True,51.0,
460,31,103,0,12,32,79,0,0,67,100,35,100,True,0.0,
461,60,85,1,0,0,100,0,0,0,100,0,100,True,,100.0
462,32,95,1,12,17,92,83,0,73,75,89,99,True,,100.0
463,24,85,0,12,41,100,0,0,0,77,0,99,True,29.0,
464,34,98,0,10,13,100,18,22,77,100,80,100,True,100.0,
465,67,82,1,12,38,99,100,0,100,100,76,100,True,,99.0
466,59,86,0,5,27,100,0,0,21,84,55,100,True,0.0,
467,34,80,0,16,27,85,65,100,58,61,100,100,True,100.0,
468,32,100,0,30,42,100,0,61,57,76,0,100,True,56.0,
469,31,100,0,20,42,100,0,0,77,100,0,100,True,72.0,
470,40,101,1,12,42,100,100,0,100,100,50,97,True,,100.0
471,30,130,0,30,20,100,51,0,76,76,54,100,True,21.0,
472,21,130,0,42,42,96,61,40,73,16,35,100,True,62.0,
473,35,130,0,21,42,100,100,0,100,100,0,100,True,68.0,
474,34,75,0,16,42,80,0,1,76,100,0,100,True,0.0,
475,31,85,0,31,42,85,100,0,91,100,52,100,True,100.0,
476,32,130,0,24,42,100,100,62,100,71,0,92,True,61.0,
477,23,75,0,21,42,100,100,100,100,50,100,100,True,0.0,
478,31,69,1,8,42,100,0,0,31,82,25,100,True,,67.0
479,27,82,0,42,42,100,0,0,73,73,26,100,True,73.0,
480,30,103,0,16,42,81,13,15,27,74,66,90,True,15.0,
481,31,130,0,7,12,100,100,100,100,78,78,100,True,100.0,
482,24,95,0,12,42,93,95,66,94,93,32,100,True,68.0,
483,32,84,0,12,42,89,71,100,61,95,16,100,True,68.0,
484,30,100,0,14,40,100,67,19,68,60,80,100,True,100.0,
485,39,100,1,20,32,69,72,17,82,80,78,93,True,,67.0
486,31,80,0,12,1,100,0,2,49,100,21,69,True,68.0,
487,25,74,0,42,42,71,0,0,0,47,68,100,True,0.0,
488,40,98,1,12,24,100,0,0,31,75,0,100,True,,100.0
489,33,75,0,8,32,100,0,0,59,92,92,100,True,54.0,
490,37,70,0,12,40,77,17,2,77,89,7,100,True,0.0,
491,28,70,0,24,42,100,0,0,75,100,21,100,True,8.0,
492,16,82,0,18,42,88,0,63,70,100,0,100,True,71.0,
493,26,100,0,6,7,100,51,54,23,35,100,100,True,98.0,
494,47,80,1,0,0,100,75,18,18,82,100,100,True,,100.0
495,23,84,0,16,20,100,27,28,21,65,70,83,True,61.0,
496,27,94,0,24,36,100,0,0,21,100,24,100,True,54.0,
497,29,85,0,18,42,90,0,0,14,100,9,100,True,63.0,
498,30,130,0,42,42,100,28,100,100,83,0,100,True,69.0,
499,25,55,0,5,14,100,100,0,66,100,100,100,True,100.0,
500,23,85,0,42,42,0,28,10,84,100,66,100,True,62.0,
501,32,70,1,0,0,100,100,0,0,49,100,0,True,,49.0
502,27,75,0,0,0,100,24,0,13,29,100,20,True,23.0,
503,34,95,0,9,12,87,17,0,51,72,94,83,True,73.0,
504,21,105,0,8,42,100,69,72,36,100,100,100,True,65.0,
505,38,92,0,30,42,100,0,0,74,100,0,100,True,100.0,
506,23,130,0,12,42,80,85,100,79,100,4,100,True,15.0,
507,22,100,0,13,14,100,83,17,87,86,83,73,True,72.0,
508,58,80,1,12,12,100,100,0,23,68,73,100,True,,100.0
509,23,90,0,42,42,100,12,0,13,7,100,100,True,15.0,
510,31,90,0,42,42,100,67,20,68,91,40,100,True,37.0,
511,36,89,0,12,19,100,59,0,92,79,77,81,True,0.0,
512,39,90,1,4,12,100,100,0,0,100,100,100,True,,98.0
513,32,95,0,12,14,100,0,0,25,57,56,100,True,100.0,
514,36,85,0,12,25,100,38,100,24,100,100,100,True,77.0,
515,32,96,0,10,12,100,24,23,86,100,21,100,True,51.0,
516,39,90,0,16,0,100,0,1,0,66,52,100,True,21.0,
517,20,97,0,15,38,75,67,54,69,100,40,100,True,49.0,
518,47,130,1,14,19,100,0,0,100,74,0,100,True,,100.0
519,40,101,1,12,42,100,1,0,100,100,0,100,True,,50.0
520,29,35,0,14,42,100,80,68,0,100,82,100,True,35.0,
521,34,88,0,9,21,82,0,0,54,79,19,100,True,50.0,
522,22,90,0,7,30,100,100,1,81,100,76,77,True,100.0,
523,24,80,0,24,24,72,0,80,32,100,0,100,True,65.0,
524,29,130,0,25,42,17,13,13,100,83,33,100,True,53.0,
525,28,85,0,12,42,100,38,84,21,67,82,100,True,100.0,
526,40,82,0,15,37,100,0,0,83,100,18,100,True,75.0,
527,31,90,0,14,16,93,78,61,21,22,23,82,True,75.0,
528,29,130,0,20,42,0,56,0,69,11,100,100,True,0.0,
529,42,90,0,17,42,100,38,38,62,62,50,100,True,0.0,
530,39,104,0,22,22,100,0,0,18,46,0,100,True,16.0,
531,45,90,1,14,15,99,0,0,100,100,78,100,True,,0.0
532,21,85,0,42,42,75,78,0,100,56,39,57,True,24.0,
533,53,93,1,0,42,100,100,100,100,100,100,100,True,,100.0
534,26,89,0,17,35,100,80,76,56,75,8,100,True,80.0,
535,69,90,1,12,22,100,0,0,0,72,0,100,True,,100.0
536,20,100,0,6,39,100,0,0,31,15,49,100,True,75.0,
537,36,100,1,25,25,76,28,100,72,89,22,100,True,,24.0
538,31,129,0,25,42,83,0,76,25,100,0,84,True,61.0,
539,19,84,0,20,42,55,59,0,22,77,100,100,True,56.0,
540,27,75,0,14,30,100,62,0,85,100,100,100,True,9.0,
541,21,110,0,39,41,86,76,54,86,100,100,100,True,64.0,
542,42,90,1,12,33,100,100,0,100,100,100,100,True,,100.0
543,32,90,0,16,42,100,50,0,68,100,0,100,True,0.0,
544,38,99,1,31,30,100,100,0,80,28,100,100,True,,100.0
545,27,130,0,42,42,88,18,17,0,0,0,100,True,100.0,
546,33,100,0,14,14,100,0,60,16,90,9,100,True,55.0,
547,30,70,0,14,15,100,100,75,17,65,60,100,True,22.0,
548,26,100,0,14,42,97,27,1,100,100,10,100,True,21.0,
549,25,65,0,21,42,100,0,0,75,100,0,100,True,0.0,
550,18,40,0,16,42,31,0,0,0,20,0,44,True,0.0,
551,37,80,0,14,40,100,100,49,65,100,50,100,True,0.0,
552,39,80,1,12,30,100,0,0,0,47,50,96,True,,0.0
553,18,70,0,14,30,100,0,59,57,100,0,100,True,75.0,
554,35,86,0,14,22,89,61,76,23,11,83,100,True,30.0,
555,46,101,1,10,18,100,0,0,69,100,100,100,True,,100.0
556,31,130,0,14,42,100,100,0,100,26,0,100,True,2.0,
557,21,51,0,14,42,100,59,0,0,78,62,100,True,0.0,
558,22,130,0,8,16,80,0,22,8,0,0,100,True,74.0,
559,33,100,0,3,3,56,83,15,100,83,88,100,True,60.0,
560,29,99,1,12,16,100,0,70,0,24,78,100,True,,25.0
561,55,90,1,2,1,100,0,0,48,73,51,100,True,,100.0
562,17,100,0,42,42,100,100,100,78,86,52,100,True,100.0,
563,28,80,0,16,30,81,0,0,79,100,84,100,True,20.0,
564,37,106,0,15,39,97,90,86,70,96,24,100,True,50.0,
565,29,110,0,20,30,86,0,0,69,31,25,100,True,50.0,
566,22,99,0,42,42,100,49,37,0,100,0,100,True,30.0,
567,15,75,0,16,17,64,100,81,13,66,35,100,True,67.0,
568,37,80,0,20,36,100,0,0,100,0,0,100,True,0.0,
569,37,80,0,42,42,100,100,100,75,100,0,100,True,100.0,
570,31,130,0,20,42,79,0,0,100,100,75,100,True,63.0,
571,32,85,0,9,14,100,0,0,70,28,34,100,True,100.0,
572,41,130,0,41,42,97,0,0,10,88,100,100,True,51.0,
573,35,91,1,20,40,100,27,0,60,88,0,100,True,,100.0
574,23,100,0,21,32,100,0,0,40,60,27,100,True,100.0,
575,31,130,0,0,0,80,0,0,65,100,0,100,True,100.0,
576,49,85,0,12,42,100,0,0,56,86,51,78,True,44.0,
577,37,70,0,12,42,100,0,1,0,100,1,100,True,0.0,
578,35,130,0,22,22,71,0,0,100,83,26,100,True,79.0,
579,27,82,0,12,42,72,0,0,68,100,0,100,True,100.0,
580,25,78,0,20,35,100,60,0,63,85,65,100,True,37.0,
581,38,87,1,8,12,100,0,0,74,70,0,100,True,,100.0
582,20,100,0,42,16,77,16,17,0,88,86,78,True,25.0,
583,49,88,1,16,16,100,52,53,53,75,51,78,True,,100.0
584,29,100,0,18,42,100,0,0,22,88,0,100,True,62.0,
585,39,95,0,0,0,100,0,0,50,50,0,100,True,13.0,
586,20,95,0,16,20,80,75,13,68,73,100,76,True,100.0,
587,29,90,0,42,42,83,13,12,22,64,19,100,True,18.0,
588,22,80,0,10,42,100,0,0,0,77,0,100,True,74.0,
589,27,93,0,14,42,79,0,50,40,99,0,100,True,62.0,
590,24,97,0,17,42,100,100,0,100,63,57,100,True,50.0,
591,34,85,0,20,30,100,25,8,73,72,8,100,True,50.0,
592,30,95,0,21,21,100,82,81,77,100,25,100,True,17.0,
593,25,130,0,42,16,47,0,0,0,26,0,100,True,0.0,
594,24,130,0,15,42,100,0,0,100,0,21,100,True,0.0,
595,31,130,0,2,0,0,0,0,56,100,17,100,True,100.0,
596,32,95,0,32,42,74,0,76,86,82,0,100,True,78.0,
597,30,30,0,42,42,100,0,0,0,22,0,100,True,0.0,
598,27,80,0,20,42,100,0,18,19,20,0,100,True,0.0,
599,24,95,0,12,36,74,57,30,71,91,60,100,True,53.0,
600,30,90,1,0,0,100,0,0,65,85,100,0,True,,100.0
601,22,92,0,10,4,72,0,2,26,70,100,100,True,47.0,
602,37,123,0,34,42,100,100,65,90,90,75,76,True,84.0,
603,19,65,0,13,34,51,57,60,50,99,67,100,True,38.0,
604,24,85,0,14,42,94,0,0,17,77,5,100,True,57.0,
605,22,130,0,21,8,76,47,83,80,100,22,100,True,100.0,
606,17,101,0,19,26,100,14,0,61,86,74,22,True,100.0,
607,24,93,0,22,42,100,71,71,86,100,69,100,True,100.0,
608,31,97,0,14,42,67,56,0,55,86,0,100,True,0.0,
609,54,79,1,14,42,100,88,2,0,2,55,100,True,,100.0
610,25,90,0,30,42,100,0,0,100,100,0,100,True,100.0,
611,24,79,0,12,14,100,0,16,83,89,60,100,True,17.0,
612,36,101,0,14,42,76,30,10,40,100,35,88,True,74.0,
613,29,75,0,42,42,100,0,51,50,50,0,100,True,21.0,
614,40,73,0,14,32,82,0,5,48,76,17,91,True,73.0,
615,28,75,0,14,42,100,31,30,30,50,71,100,True,24.0,
616,38,80,0,42,42,100,0,72,81,78,0,100,True,0.0,
617,27,88,0,8,27,100,0,0,63,100,68,100,True,0.0,
618,60,85,1,17,42,100,0,0,18,77,0,100,True,,100.0
619,36,90,0,14,42,100,0,0,71,0,1,99,True,35.0,
620,31,130,0,12,42,91,73,0,95,83,14,100,True,0.0,
621,27,70,0,12,21,82,18,38,53,92,51,92,True,0.0,
622,19,100,0,21,42,100,75,1,100,100,73,100,True,100.0,
623,30,72,0,16,42,100,0,0,12,39,68,78,True,35.0,
624,27,66,0,24,42,96,68,0,72,100,0,100,True,56.0,
625,37,100,1,8,12,99,0,2,62,66,99,78,True,,77.0
626,18,80,0,25,42,39,0,0,26,83,0,100,True,23.0,
627,26,85,0,14,30,100,29,0,28,79,81,100,True,76.0,
628,31,95,0,10,42,100,100,0,74,93,100,100,True,22.0,
629,54,58,1,10,36,88,15,15,30,30,31,90,True,,21.0
630,24,60,0,42,42,80,0,0,29,82,47,100,True,0.0,
631,24,93,0,4,42,86,0,0,23,89,100,76,True,91.0,
632,22,60,0,30,14,100,5,5,50,100,59,100,True,8.0,
633,44,79,0,14,42,98,35,99,69,100,82,99,True,31.0,
634,27,70,0,30,42,74,0,0,0,100,62,100,True,37.0,
635,45,101,1,12,31,100,68,72,57,78,49,100,True,,49.0
636,28,85,0,20,42,100,49,3,57,96,63,100,True,100.0,
637,22,90,0,12,0,100,0,0,0,100,100,100,True,100.0,
638,23,100,0,29,42,100,48,100,72,88,72,50,True,97.0,
639,21,80,0,12,42,70,0,11,70,100,25,100,True,17.0,
640,26,83,1,14,24,89,94,63,59,100,70,93,True,,100.0
641,20,85,0,13,42,95,0,0,50,100,61,100,True,42.0,
642,41,85,1,18,42,100,0,11,77,87,0,95,True,,61.0
643,27,90,0,12,42,92,0,0,25,37,0,100,True,68.0,
644,29,90,0,42,42,94,0,11,8,100,0,100,True,73.0,
645,15,84,0,14,42,46,25,4,80,94,52,70,True,80.0,
646,37,80,1,0,0,100,36,0,0,72,79,15,True,,77.0
647,30,130,0,42,42,84,100,100,0,3,0,100,True,74.0,
648,25,68,0,4,0,100,0,0,100,100,100,100,True,99.0,
649,30,95,0,12,42,100,51,0,100,100,100,100,True,57.0,
650,31,32,0,17,42,93,0,0,0,35,0,100,True,0.0,
651,34,100,0,42,42,91,0,0,18,100,0,98,True,27.0,
652,23,83,0,20,42,87,0,61,33,100,9,100,True,37.0,
653,26,65,0,16,32,100,28,33,51,37,33,100,True,0.0,
654,24,100,0,33,1,100,0,32,17,65,0,99,True,24.0,
655,28,130,0,12,42,100,70,0,13,15,12,100,True,77.0,
656,30,95,0,20,42,100,20,9,86,71,0,100,True,60.0,
657,31,130,0,4,12,100,77,77,100,100,71,100,True,100.0,
658,32,85,0,8,32,100,97,0,51,52,32,100,True,0.0,
659,17,78,0,12,42,100,69,0,55,100,41,80,True,26.0,
660,21,81,0,13,20,80,0,0,8,85,62,88,True,0.0,
661,19,130,0,26,42,100,68,63,84,100,53,80,True,32.0,
662,25,50,0,21,42,100,0,100,100,100,62,100,True,0.0,
663,26,90,0,14,30,100,0,70,0,100,67,100,True,100.0,
664,58,78,0,22,42,80,0,0,60,60,0,100,True,0.0,
665,29,85,0,15,20,88,0,0,14,50,84,100,True,78.0,
666,36,130,0,12,42,100,78,14,20,85,84,98,True,16.0,
667,25,90,0,22,34,88,42,20,54,62,23,91,True,66.0,
668,23,130,0,16,42,100,0,0,100,15,0,31,True,82.0,
669,27,80,0,30,42,100,10,10,0,25,0,100,True,52.0,
670,31,80,0,14,36,100,59,0,20,36,61,100,True,63.0,
671,37,80,0,18,42,100,0,0,37,100,27,100,True,0.0,
672,35,65,0,16,42,71,81,50,19,26,25,100,True,24.0,
673,19,95,0,24,42,100,100,0,0,86,77,100,True,85.0,
674,46,98,1,0,0,100,18,0,0,81,100,100,True,,100.0
675,30,45,0,24,42,82,0,46,24,100,6,100,True,0.0,
676,37,100,0,20,20,100,68,17,68,67,75,100,True,52.0,
677,26,100,0,24,42,100,16,0,10,67,12,100,True,20.0,
678,27,98,0,12,39,65,64,8,63,62,94,100,True,17.0,
679,32,85,0,13,16,100,41,0,66,100,27,100,True,59.0,
680,31,130,0,20,36,99,50,0,100,100,0,100,True,50.0,
681,28,80,0,16,42,100,0,0,1,75,71,100,True,0.0,
682,44,130,1,42,42,100,0,0,19,100,0,100,True,,100.0
683,25,59,0,16,20,100,0,70,11,67,78,100,True,0.0,
684,35,94,1,20,25,100,21,35,25,62,0,100,True,,100.0
685,26,85,0,21,21,88,0,41,39,62,0,100,True,74.0,
686,21,80,0,12,12,100,27,24,0,76,100,100,True,74.0,
687,42,85,0,12,24,100,18,43,80,94,38,100,True,45.0,
688,42,80,1,12,42,52,22,1,19,80,0,100,True,,95.0
689,37,101,1,12,42,67,0,0,23,100,0,100,True,,100.0
690,26,70,0,20,42,100,48,13,22,89,26,100,True,7.0,
691,27,70,0,21,30,65,100,77,40,100,75,100,True,100.0,
692,23,70,0,16,22,100,0,0,100,30,0,100,True,100.0,
693,32,97,0,12,30,32,55,57,41,68,63,100,True,54.0,
694,41,91,1,16,21,100,100,0,55,100,77,100,True,,77.0
695,26,84,0,42,42,77,80,0,17,88,74,100,True,84.0,
696,44,130,1,24,42,85,0,69,78,79,7,100,True,,51.0
697,24,87,0,42,27,100,61,0,71,100,56,100,True,100.0,
698,30,75,0,23,42,0,0,1,0,68,21,97,True,0.0,
699,18,104,0,10,28,100,66,100,79,100,80,78,True,57.0,
700,47,85,1,12,42,100,0,0,53,66,51,100,True,,76.0
701,38,130,1,14,38,100,24,0,24,60,0,100,True,,100.0
702,24,105,0,16,24,100,0,0,100,100,100,100,True,72.0,
703,26,90,0,14,24,100,34,31,75,100,9,100,True,28.0,
704,30,110,0,16,16,100,50,46,83,88,20,100,True,0.0,
705,55,85,1,6,42,0,0,0,51,0,0,100,True,,0.0
706,20,122,0,10,30,100,0,49,62,82,0,98,True,67.0,
707,27,93,0,20,42,88,2,2,64,100,2,100,True,100.0,
708,48,80,0,12,0,100,0,0,50,56,22,100,True,0.0,
709,22,90,0,25,42,12,0,0,7,70,25,100,True,49.0,
710,59,90,1,4,42,100,100,0,99,100,100,100,True,,99.0
711,25,95,0,8,30,100,20,27,49,75,83,100,True,70.0,
712,41,105,0,12,42,78,0,0,30,67,0,100,True,20.0,
713,19,65,0,42,42,69,100,100,0,100,65,100,True,36.0,
714,40,70,0,14,38,100,3,3,0,100,97,97,True,0.0,
715,32,85,0,20,36,70,70,26,67,100,24,100,True,66.0,
716,37,71,1,24,30,100,25,77,37,78,22,100,True,,15.0
717,24,90,0,38,42,100,18,67,67,100,0,100,True,70.0,
718,42,84,1,26,40,81,0,0,69,100,0,98,True,,30.0
719,25,93,0,24,42,100,90,26,90,89,85,100,True,50.0,
720,30,90,0,0,0,100,0,0,100,100,78,100,True,100.0,
721,33,56,0,16,36,100,69,20,23,100,52,100,True,83.0,
722,22,86,0,30,42,100,17,8,100,100,8,100,True,100.0,
723,39,85,0,0,0,100,0,0,0,68,49,100,True,100.0,
724,25,91,0,29,38,100,0,0,0,55,0,100,True,50.0,
725,30,93,0,23,23,100,50,75,7,25,11,100,True,67.0,
726,61,130,1,14,20,100,0,0,100,100,100,100,True,,100.0
727,21,83,0,14,42,95,22,73,24,60,5,100,True,43.0,
728,31,100,0,0,1,100,0,0,71,71,100,100,True,70.0,
729,24,39,0,10,30,73,71,100,100,100,54,100,True,5.0,
730,25,100,0,8,10,100,0,0,22,80,0,100,True,76.0,
731,35,88,0,32,42,87,0,0,6,22,0,100,True,70.0,
732,24,89,0,30,42,65,6,0,50,100,63,100,True,100.0,
733,21,90,0,20,42,52,84,0,13,88,83,100,True,74.0,
734,21,100,0,30,42,90,40,28,100,100,0,75,True,37.0,
735,43,87,0,7,42,100,64,100,0,66,0,100,True,0.0,
736,25,50,0,24,42,100,0,69,38,62,0,100,True,0.0,
737,25,90,0,0,0,100,0,0,100,100,100,46,True,75.0,
738,28,100,0,12,12,100,7,0,60,80,15,92,True,59.0,
739,25,50,0,8,42,73,0,0,0,100,100,100,True,0.0,
740,24,87,0,3,11,100,65,0,82,70,79,100,True,63.0,
741,26,75,0,22,42,57,100,100,100,100,60,100,True,0.0,
742,28,75,0,30,42,100,61,22,100,100,0,100,True,0.0,
743,21,96,0,10,22,92,64,0,13,35,61,100,True,25.0,
744,29,97,0,15,20,100,100,100,72,99,0,100,True,17.0,
745,16,85,0,18,24,100,53,59,21,100,20,100,True,55.0,
746,32,100,0,14,16,100,20,53,8,100,10,100,True,13.0,
747,20,94,0,14,14,79,0,0,0,100,0,100,True,78.0,
748,28,92,0,28,31,83,50,44,35,100,61,100,True,61.0,
749,27,70,0,42,41,84,27,0,54,9,51,100,True,50.0,
750,42,95,1,0,1,100,0,0,48,65,100,100,True,,100.0
751,29,90,0,13,30,100,15,34,10,15,9,100,True,5.0,
752,27,130,0,14,21,100,74,0,100,55,0,100,True,100.0,
753,26,130,0,8,5,93,84,34,100,89,59,100,True,82.0,
754,24,84,0,30,31,100,100,25,74,79,100,100,True,62.0,
755,29,100,0,12,16,100,0,0,22,78,97,100,True,49.0,
756,30,85,0,14,22,100,100,50,0,76,11,100,True,100.0,
757,39,90,0,8,42,100,0,0,100,100,100,100,True,100.0,
758,20,70,0,16,20,100,51,58,52,79,100,100,True,81.0,
759,28,80,0,10,0,28,0,69,16,42,88,100,True,12.0,
760,26,80,0,12,15,67,15,1,58,81,55,100,True,40.0,
761,47,95,1,0,1,100,74,82,58,86,82,72,True,,75.0
762,25,85,0,20,42,100,64,3,0,95,20,100,True,28.0,
763,28,85,0,20,24,100,35,15,61,100,100,100,True,16.0,
764,45,90,0,42,42,100,0,0,0,87,0,100,True,67.0,
765,39,95,0,15,42,100,21,0,50,100,100,100,True,0.0,
766,60,95,1,10,42,100,51,0,51,100,0,49,True,,100.0
767,24,100,0,16,42,86,19,0,64,94,25,100,True,69.0,
768,44,85,0,12,42,100,0,71,38,100,64,100,True,0.0,
769,28,92,0,12,42,100,0,0,15,72,0,100,True,41.0,
770,26,27,0,2,42,100,0,76,4,100,0,82,True,55.0,
771,31,110,0,30,42,100,0,68,100,100,0,100,True,48.0,
772,24,90,0,16,17,93,79,0,93,69,22,89,True,30.0,
773,21,130,0,13,36,100,100,13,67,78,100,100,True,0.0,
774,27,90,0,12,42,100,0,0,0,75,67,100,True,64.0,
775,32,62,0,18,38,100,2,88,16,84,11,100,True,25.0,
776,30,100,0,8,16,100,72,3,9,66,20,70,True,100.0,
777,27,90,0,14,14,100,0,3,29,61,100,100,True,96.0,
778,48,110,1,12,42,100,0,0,0,100,0,100,True,,100.0
779,24,80,0,20,35,100,67,0,68,100,63,70,True,21.0,
780,27,70,0,16,26,100,100,29,24,100,100,100,True,100.0,
781,32,50,0,20,42,83,0,9,5,76,0,100,True,28.0,
782,25,100,0,15,42,100,0,0,0,24,28,100,True,61.0,
783,29,90,0,38,42,100,0,0,10,86,0,100,True,69.0,
784,20,80,0,24,42,100,66,0,23,78,21,100,True,100.0,
785,26,100,0,8,42,100,18,0,76,100,100,100,True,18.0,
786,23,80,0,14,42,100,79,87,0,74,77,100,True,12.0,
787,39,91,1,14,14,87,100,0,62,76,37,100,True,,52.0
788,22,85,0,24,42,100,100,0,22,79,100,100,True,75.0,
789,36,70,0,42,42,100,1,0,28,100,0,100,True,0.0,
790,28,90,1,6,15,100,100,0,77,76,75,100,True,,65.0
791,24,65,0,25,21,63,10,1,49,43,0,100,True,30.0,
792,32,108,1,15,42,69,30,1,0,0,48,100,True,,100.0
793,36,70,0,16,42,93,0,0,11,91,5,100,True,11.0,
794,28,95,0,42,42,99,0,0,0,80,31,100,True,0.0,
795,35,81,0,15,42,100,54,63,70,100,51,100,True,3.0,
796,40,100,0,15,42,100,78,30,76,100,100,100,True,100.0,
797,23,101,0,16,21,86,50,75,32,100,0,100,True,100.0,
798,36,80,0,20,42,100,51,32,70,75,50,100,True,20.0,
799,19,19,0,42,42,100,89,52,0,83,80,53,True,100.0,
800,41,70,1,0,0,100,14,8,25,90,100,100,True,,67.0
801,19,130,0,12,42,85,72,40,100,100,18,96,True,58.0,
802,28,80,0,42,42,51,6,66,51,51,0,100,True,10.0,
803,41,90,1,0,0,100,0,0,55,91,100,79,True,,100.0
804,34,76,0,20,42,74,0,0,39,77,11,100,True,12.0,
805,24,95,0,16,42,100,0,15,30,99,0,100,True,79.0,
806,34,101,0,24,42,87,41,22,100,17,6,100,True,86.0,
807,25,99,0,12,42,63,56,42,80,78,67,100,True,72.0,
808,25,75,0,14,25,84,68,61,54,99,81,100,True,55.0,
809,29,93,0,9,31,100,74,60,70,91,6,80,True,100.0,
810,30,81,0,12,20,100,72,0,22,100,0,100,True,55.0,
811,47,80,1,28,42,100,0,75,77,100,0,86,True,,83.0
812,26,90,0,14,36,100,0,0,72,100,0,100,True,0.0,
813,26,130,0,12,42,100,65,91,87,9,100,100,True,69.0,
814,23,52,0,4,8,73,100,0,0,69,0,100,True,0.0,
815,48,90,1,10,20,100,100,0,75,78,39,76,True,,73.0
816,20,130,0,28,0,100,46,0,100,68,14,100,True,64.0,
817,31,130,0,12,12,100,25,0,100,100,15,100,True,100.0,
818,23,75,0,26,27,100,34,35,71,86,26,100,True,100.0,
819,23,70,0,16,42,100,0,0,81,71,0,100,True,72.0,
820,36,82,0,15,42,82,0,0,18,82,0,100,True,11.0,
821,26,95,0,26,34,92,18,69,15,73,16,100,True,61.0,
822,28,85,0,21,42,100,100,0,72,100,0,100,True,79.0,
823,27,90,0,42,0,100,0,100,75,100,100,100,True,59.0,
824,25,85,0,16,35,91,58,79,87,95,58,99,True,35.0,
825,25,84,0,30,42,100,0,0,16,79,11,100,True,0.0,
826,23,70,0,12,14,100,100,0,20,78,100,100,True,60.0,
827,31,130,0,20,42,89,0,0,72,72,0,83,True,19.0,
828,22,78,0,42,42,80,50,0,34,69,82,100,True,66.0,
829,48,80,1,12,24,86,0,0,18,19,0,100,True,,50.0
830,33,90,0,25,42,100,19,61,57,74,43,100,True,50.0,
831,29,70,0,25,42,100,80,0,54,100,100,100,True,0.0,
832,27,90,0,18,38,74,60,42,59,76,39,100,True,25.0,
833,20,55,0,12,13,100,9,10,8,29,0,100,True,9.0,
834,24,85,0,7,10,92,68,24,60,36,35,95,True,65.0,
835,23,101,0,13,42,77,80,77,0,100,81,100,True,52.0,
836,21,91,0,27,42,100,28,25,30,84,78,98,True,100.0,
837,27,38,0,42,42,78,0,2,16,83,8,100,True,0.0,
838,20,85,0,21,42,100,34,0,32,68,0,100,True,100.0,
839,31,92,0,16,42,100,12,59,77,77,30,99,True,58.0,
840,31,130,0,12,42,74,65,76,31,74,0,100,True,50.0,
841,28,124,0,12,0,63,0,0,100,79,26,100,True,79.0,
842,23,88,0,15,25,100,78,0,27,62,50,100,True,25.0,
843,28,110,0,42,42,89,17,79,100,100,0,100,True,46.0,
844,40,81,0,14,25,100,66,0,75,59,65,100,True,0.0,
845,26,93,0,12,15,100,61,41,63,87,44,95,True,66.0,
846,21,130,0,16,42,87,100,19,100,100,100,100,True,100.0,
847,26,94,0,0,0,100,12,0,16,78,100,63,True,100.0,
848,35,98,0,42,42,100,0,0,24,81,100,100,True,18.0,
849,31,94,0,4,29,66,100,0,80,100,100,100,True,27.0,
850,21,74,0,12,0,88,66,0,3,99,100,100,True,8.0,
851,30,96,0,42,42,65,0,0,23,80,0,100,True,100.0,
852,31,110,0,16,36,92,72,84,59,79,66,100,True,56.0,
853,31,88,0,12,36,100,88,100,89,100,90,89,True,0.0,
854,26,85,0,30,42,76,84,0,10,84,11,100,True,15.0,
855,29,85,0,14,32,79,23,0,50,65,17,100,True,64.0,
856,23,71,0,16,34,62,15,0,13,58,40,100,True,0.0,
857,24,101,0,14,14,77,0,0,76,100,35,100,True,71.0,
858,28,80,0,14,27,27,2,0,15,70,100,100,True,46.0,
859,35,70,0,14,14,84,0,0,69,100,100,100,True,0.0,
860,30,75,0,14,42,100,0,26,47,100,0,100,True,0.0,
861,29,70,1,42,42,51,0,57,39,68,76,100,True,,0.0
862,49,59,0,8,0,100,100,0,31,70,0,15,True,12.0,
863,24,90,0,34,42,100,22,90,29,90,38,100,True,62.0,
864,24,105,0,42,42,100,82,25,41,100,62,100,True,69.0,
865,28,65,0,42,42,100,0,2,21,77,18,100,True,61.0,
866,29,80,0,15,42,60,34,1,27,67,10,100,True,6.0,
867,28,82,0,16,12,100,10,26,76,58,17,70,True,72.0,
868,28,100,0,14,42,100,100,3,20,26,0,100,True,18.0,
869,32,96,1,10,42,100,14,12,73,77,14,93,True,,98.0
870,30,100,0,6,27,71,100,3,60,100,100,100,True,0.0,
871,35,83,0,18,23,100,0,0,70,88,25,100,True,28.0,
872,18,85,0,42,42,68,71,70,69,100,0,100,True,64.0,
873,20,33,0,30,42,72,0,11,13,71,6,100,True,0.0,
874,24,83,0,14,42,100,61,0,28,71,0,100,True,42.0,
875,27,75,0,26,38,94,8,0,2,100,88,100,True,92.0,
876,32,63,0,12,24,78,100,100,68,59,27,81,True,0.0,
877,21,90,0,42,42,71,7,6,12,100,16,100,True,15.0,
878,33,90,1,12,0,81,0,0,80,100,0,100,True,,32.0
879,24,85,0,21,42,78,50,0,21,51,50,73,True,77.0,
880,29,80,0,14,14,100,0,0,49,100,0,100,True,48.0,
881,27,91,0,18,42,72,0,26,22,56,56,100,True,33.0,
882,41,92,1,16,30,100,0,0,50,100,18,100,True,,100.0
883,29,100,0,14,37,73,11,7,81,77,17,100,True,27.0,
884,27,75,0,22,32,100,58,46,72,100,13,100,True,34.0,
885,30,130,0,24,42,54,100,73,43,77,100,100,True,100.0,
886,20,27,0,16,42,100,0,0,0,50,0,100,True,12.0,
887,35,80,0,8,26,100,71,10,43,58,10,96,True,11.0,
888,20,103,0,7,36,100,49,0,46,100,72,52,True,100.0,
889,42,70,0,12,42,74,0,2,0,100,0,100,True,0.0,
890,34,94,0,1,8,52,64,0,23,72,88,100,True,100.0,
891,33,80,0,42,42,100,0,0,42,100,0,100,True,18.0,
892,25,101,0,17,22,100,0,0,41,66,100,38,True,35.0,
893,26,90,0,12,42,24,49,0,71,100,26,100,True,26.0,
894,22,75,0,36,37,100,50,100,100,77,0,97,True,62.0,
895,26,100,0,42,42,100,71,74,81,72,21,100,True,14.0,
896,25,75,0,25,34,100,0,0,45,85,0,100,True,100.0,
897,17,70,0,14,42,100,50,0,23,71,100,100,True,100.0,
898,63,85,1,12,42,100,59,78,32,100,100,100,True,,100.0
899,32,95,0,14,42,100,25,19,64,100,8,99,True,0.0,
900,40,80,0,12,42,100,69,100,60,79,79,33,True,0.0,
901,29,80,0,14,14,100,100,0,100,100,0,100,True,0.0,
902,17,90,0,22,30,100,100,0,0,78,100,100,True,100.0,
903,26,70,0,42,42,100,75,100,0,84,26,100,True,50.0,
904,27,90,0,12,30,100,76,17,19,80,54,100,True,22.0,
905,78,103,1,11,42,100,100,100,100,46,100,0,True,,13.0
906,25,80,0,14,16,86,0,0,5,100,47,100,True,83.0,
907,33,91,0,18,20,100,0,0,0,75,54,75,True,19.0,
908,46,95,1,1,1,100,0,0,56,56,74,100,True,,100.0
909,28,78,0,12,30,84,0,0,13,100,77,100,True,71.0,
910,38,90,0,30,42,48,74,0,100,100,0,75,True,68.0,
911,40,96,0,12,0,76,1,1,32,72,61,100,True,49.0,
912,23,86,0,42,42,93,16,39,13,91,3,100,True,89.0,
913,30,80,0,12,42,0,49,0,0,100,100,100,True,69.0,
914,51,130,1,16,22,100,27,28,70,69,22,54,True,,100.0
915,40,130,1,12,12,100,13,0,78,100,37,84,True,,100.0
916,41,94,1,10,0,100,0,0,75,100,88,79,True,,100.0
917,35,96,0,12,37,84,100,100,67,100,100,100,True,100.0,
918,55,89,0,12,34,100,0,0,0,0,86,100,True,59.0,
919,31,91,1,8,0,100,44,42,100,100,42,100,True,,100.0
920,32,85,0,10,42,100,62,0,16,100,13,70,True,67.0,
921,21,84,0,14,42,87,58,0,66,88,77,100,True,78.0,
922,31,100,0,0,1,100,84,0,84,52,100,94,True,100.0,
923,24,90,0,11,40,100,13,67,96,100,77,100,True,17.0,
924,33,94,0,42,42,100,21,81,55,96,6,100,True,49.0,
925,33,91,1,14,14,81,15,0,66,66,81,100,True,,90.0
926,30,130,0,8,8,100,17,100,73,100,23,100,True,30.0,
927,33,90,0,20,26,70,87,15,61,80,0,100,True,50.0,
928,35,80,1,14,15,71,29,72,61,82,50,100,True,,100.0
929,51,130,1,16,16,100,0,0,100,100,100,100,True,,0.0
930,20,76,0,28,35,100,0,85,67,100,1,100,True,76.0,
931,34,85,0,21,42,98,0,0,34,68,0,84,True,78.0,
932,54,80,1,4,6,90,13,3,23,40,19,95,True,,31.0
933,23,102,0,12,42,100,0,47,100,50,27,100,True,79.0,
934,39,89,0,14,42,100,75,0,71,100,52,98,True,63.0,
935,19,84,0,13,27,100,49,100,100,100,0,100,True,69.0,
936,22,84,0,14,17,75,0,0,51,71,92,100,True,1.0,
937,22,27,0,14,42,100,0,68,0,100,79,100,True,80.0,
938,27,90,0,42,42,100,100,50,83,93,64,50,True,76.0,
939,24,100,0,16,42,100,100,20,78,100,100,100,True,77.0,
940,39,85,1,6,38,100,60,63,100,100,100,100,True,,78.0
941,31,80,0,12,42,100,0,0,54,82,0,100,True,0.0,
942,24,85,0,42,42,72,36,20,74,62,0,100,True,25.0,
943,29,86,0,20,42,100,21,21,17,19,85,84,True,100.0,
944,32,70,1,12,24,72,0,84,0,26,0,100,True,,65.0
945,36,88,1,20,42,100,6,1,56,79,14,100,True,,93.0
946,35,95,0,14,42,100,100,100,100,72,63,100,True,100.0,
947,29,90,0,42,15,100,75,100,100,100,31,100,True,0.0,
948,25,90,0,12,42,100,0,70,100,100,100,100,True,84.0,
949,23,90,0,0,0,100,0,0,79,100,100,50,True,77.0,
950,25,70,0,13,25,81,100,0,71,100,19,100,True,0.0,
951,44,85,0,16,42,75,52,52,56,100,0,100,True,0.0,
952,43,85,1,0,1,100,100,0,19,100,50,100,True,,97.0
953,34,90,0,12,42,74,96,12,22,77,68,100,True,79.0,
954,22,100,0,15,22,100,0,0,66,100,100,100,True,100.0,
955,21,130,0,18,26,100,100,100,100,100,75,100,True,100.0,
956,23,130,0,10,18,100,100,0,91,100,100,100,True,79.0,
957,24,100,0,10,42,20,0,1,0,71,100,100,True,24.0,
958,31,130,0,42,0,100,0,100,39,100,0,100,True,0.0,
959,23,75,0,15,39,100,0,49,61,99,43,100,True,50.0,
960,21,80,0,12,20,64,0,58,71,100,58,100,True,100.0,
961,30,82,0,21,39,100,56,58,0,69,65,100,True,0.0,
962,44,90,1,12,42,100,0,0,81,80,0,100,True,,48.0
963,39,90,0,20,32,100,77,100,100,99,0,100,True,38.0,
964,33,94,1,12,42,100,66,0,44,100,0,100,True,,100.0
965,24,85,0,12,24,65,78,17,80,100,24,95,True,0.0,
966,29,85,0,12,42,100,100,50,25,64,77,99,True,0.0,
967,32,60,0,21,42,79,74,0,11,91,16,99,True,15.0,
968,24,75,0,36,37,100,15,22,28,57,100,92,True,29.0,
969,28,90,0,16,42,100,50,50,0,100,78,100,True,50.0,
970,26,130,0,14,14,97,77,56,95,75,67,100,True,0.0,
971,22,85,0,12,36,100,17,0,27,83,83,100,True,68.0,
972,28,75,0,20,42,100,33,28,65,54,80,100,True,20.0,
973,26,105,0,21,42,55,59,0,57,63,60,61,True,39.0,
974,29,85,0,8,20,100,100,62,59,72,0,100,True,64.0,
975,32,121,0,22,22,100,64,0,66,58,27,73,True,68.0,
976,40,70,0,42,42,100,0,0,0,100,0,100,True,0.0,
977,39,85,0,42,0,100,0,0,0,100,100,100,True,0.0,
978,25,110,0,8,30,100,0,0,62,100,75,100,True,61.0,
979,22,90,0,42,42,0,88,0,82,80,3,100,True,61.0,
980,52,100,1,0,0,100,0,0,0,100,100,100,True,,100.0
981,24,55,0,16,42,100,79,0,10,78,88,100,True,38.0,
982,21,86,0,20,36,100,0,56,0,71,35,100,True,30.0,
983,25,80,0,25,42,100,27,1,59,77,35,100,True,82.0,
984,25,48,0,14,42,100,0,0,69,100,77,100,True,9.0,
985,28,86,0,26,42,100,0,0,59,80,0,100,True,8.0,
986,22,84,0,23,42,100,2,9,25,85,43,100,True,55.0,
987,25,70,0,14,14,37,0,0,17,100,34,100,True,100.0,
988,50,100,1,16,12,67,0,0,77,100,21,100,True,,100.0
989,19,74,0,15,42,82,0,17,65,100,52,100,True,79.0,
990,34,80,0,20,42,96,1,0,0,72,12,100,True,26.0,
991,37,100,1,14,38,100,0,55,0,82,0,100,True,,100.0
992,25,75,0,38,42,100,76,100,80,100,0,100,True,80.0,
993,27,130,0,42,42,82,48,32,68,86,0,100,True,16.0,
994,21,101,0,10,0,83,70,36,33,77,74,100,True,72.0,
995,26,84,0,16,42,100,0,50,50,28,0,100,True,27.0,
996,37,82,0,3,24,100,0,0,26,47,0,100,True,0.0,
997,28,60,0,4,36,67,37,29,58,100,1,100,True,13.0,
998,26,90,1,2,1,100,100,0,0,100,100,100,True,,96.0
999,20,95,0,12,25,35,0,1,17,100,37,100,True,49.0,
